list_name,list_description,card_name,card_content,status,deadline
list4,dsp4,c1,cont1,completed,2023-01-16 14:33
list4,dsp4,c2,content,completed,2023-01-25 14:33
list4,dsp4,c6,cont6,pending,2023-01-22 14:34
list4,dsp4,c7,cont7,completed,2023-01-29 14:35
list4,dsp4,c8,cont8,pending,2023-01-22 14:35
list4,dsp4,c9,cont9,pending,2023-01-23 14:35
list4,dsp4,c10,cont10,completed,2023-01-24 14:36
list4,dsp4,c12,cont12,pending,2023-01-28 14:37
list5,dsp5,c11,cont,pending,2023-02-05 14:36
list5,dsp5,h,hj,successfully submitted,2023-01-15 15:14
list5,dsp5,c5,content5,the deadline is today,2023-01-15 15:19
list5,dsp5,card,content,pending,2023-01-20 15:23
l1,jk,c22,cont5,pending,2023-01-22 15:19
l1,jk,c111,content,the deadline is today,2023-01-15 21:19
list,dsp9,c5,cont5,pending,2023-01-18 14:34
list,dsp9,card55,content,pending,2023-01-27 15:20
